Risk,Keyword
financial,anti-takeover provisions
financial,anti-takeover provision
financial,reserves
financial,bank debt financial revolver
financial,capital expenditure
financial,capital expenditures
financial,sale of productive assets
financial,capital lease financial stock market listing
financial,capital leases financial stock market listing
financial,chapter 11 financial stock price drop
financial,chapter 7 financial stock price volatility
financial,chapter 9 financial underfunded pensions
financial,collateral financial underwriting
financial,concentrated ownership financial volatility of operating results
financial,covenant financial volatility of revenues
financial,covenants financial volatility of revenues
financial,credit facility financial volatility of sales
financial,credit facilities financial volatility of sales
financial,credit rating financial working capital
financial,credit risk
financial,debt burden
financial,decline in stock price
financial,defined benefit
financial,default
financial,dilution
financial,dividends
financial,downgrade
financial,family
financial,financial condition
financial,financing costs
financial,funded status
financial,illiquid market
financial,indebtedness
financial,insider sales
financial,improvements
financial,investment in equipment
financial,investment in plant
financial,lease
financial,leases
financial,leasing
financial,lease commitment
financial,lease commitments
financial,leverage
financial,leveraged lease
financial,leveraged leases
financial,limited trading
financial,liquidity
financial,loan
financial,locked-in lease
financial,locked-in leases
financial,mandatory contribution
financial,maturity
financial,negative operating cash flow
financial,new financing
financial,obligations
financial,opeb
financial,o.p.e.b.
financial,operating losses
financial,penny stock
financial,postretirement
financial,rating
financial,refinance
financial,refinancing
financial,reinsurance
other-idiosyncratic,acquisition
other-idiosyncratic,adequate staffing
other-idiosyncratic,advertising
other-idiosyncratic,asset impairment
other-idiosyncratic,asset impairments
other-idiosyncratic,asset securitization
other-idiosyncratic,asset securitizations
other-idiosyncratic,assimilation
other-idiosyncratic,backlog
other-idiosyncratic,brand
other-idiosyncratic,brand recognition
other-idiosyncratic,california power crisis
other-idiosyncratic,certification
other-idiosyncratic,clinical trial
other-idiosyncratic,clinical trials
other-idiosyncratic,commercialize
other-idiosyncratic,concentration
other-idiosyncratic,consolidation
other-idiosyncratic,construction
other-idiosyncratic,contract
other-idiosyncratic,contracts
other-idiosyncratic,copyright
other-idiosyncratic,copyrights
other-idiosyncratic,corporate culture
other-idiosyncratic,cost control
other-idiosyncratic,customer concentration
other-idiosyncratic,customer service
other-idiosyncratic,delivery
other-idiosyncratic,distribution
other-idiosyncratic,distributor
other-idiosyncratic,distributors
other-idiosyncratic,downsizing
other-idiosyncratic,economies of scale
other-idiosyncratic,embargo
other-idiosyncratic,enron
other-idiosyncratic,expand
other-idiosyncratic,expanding
other-idiosyncratic,expansion
other-idiosyncratic,export
other-idiosyncratic,exports
other-idiosyncratic,facilities
other-idiosyncratic,franchise
other-idiosyncratic,franchisee
other-idiosyncratic,goodwill
other-idiosyncratic,goodwill impairment
other-idiosyncratic,goodwill impairments
other-idiosyncratic,impairment
other-idiosyncratic,information technology financial renegotiation
other-idiosyncratic,innovation financial reorganization
other-idiosyncratic,insurance coverage
other-idiosyncratic,intangible
other-idiosyncratic,integrate
other-idiosyncratic,integrating
other-idiosyncratic,integration
other-idiosyncratic,intellectual
other-idiosyncratic,internal control
other-idiosyncratic,internal controls
other-idiosyncratic,internet
other-idiosyncratic,investment in subsidiary
other-idiosyncratic,investment in subsidiaries
other-idiosyncratic,it
other-idiosyncratic,i.t.
other-idiosyncratic,joint venture
other-idiosyncratic,joint ventures
other-idiosyncratic,keep and retain top management
other-idiosyncratic,key personnel
other-idiosyncratic,labor cost
other-idiosyncratic,labor costs
other-idiosyncratic,labor relations
other-idiosyncratic,labor union
other-idiosyncratic,labor unions
other-idiosyncratic,license
other-idiosyncratic,licenses
other-idiosyncratic,limited operating history
other-idiosyncratic,maintenance
other-idiosyncratic,management retention
other-idiosyncratic,market acceptance
other-idiosyncratic,marketing
other-idiosyncratic,secret
other-idiosyncratic,secrets
other-idiosyncratic,security
other-idiosyncratic,shortages
other-idiosyncratic,single customer
other-idiosyncratic,single supplier
other-idiosyncratic,software
other-idiosyncratic,sole supplier
other-idiosyncratic,sole suppliers
other-idiosyncratic,spe
other-idiosyncratic,s.p.e.
other-idiosyncratic,special purpose entity
other-idiosyncratic,strike
other-idiosyncratic,supplier
other-idiosyncratic,suppliers
other-idiosyncratic,supply chain
other-idiosyncratic,synergy
other-idiosyncratic,synergies
other-idiosyncratic,systems
other-idiosyncratic,tariff
other-idiosyncratic,tariffs
other-idiosyncratic,technological obsolescence
other-idiosyncratic,technologies
other-idiosyncratic,technology
other-idiosyncratic,trade
other-idiosyncratic,material weakness
other-idiosyncratic,material weaknesses
other-idiosyncratic,trademark
other-idiosyncratic,trademarks
other-idiosyncratic,mbs
other-idiosyncratic,training
other-idiosyncratic,m.b.s.
other-idiosyncratic,union election
other-idiosyncratic,merger
other-idiosyncratic,variable interest entity
other-idiosyncratic,mortgage backed securities
other-idiosyncratic,vendor
other-idiosyncratic,vendors
other-idiosyncratic,mortgage servicing rights
other-idiosyncratic,vie
other-idiosyncratic,msr
other-idiosyncratic,v.i.e.
other-idiosyncratic,m.s.r.
other-idiosyncratic,weather
other-idiosyncratic,natural disasters
other-idiosyncratic,web security
other-idiosyncratic,new construction
other-idiosyncratic,website
other-idiosyncratic,websites
other-idiosyncratic,new product acceptance
other-idiosyncratic,new product development
other-idiosyncratic,no current operations
other-idiosyncratic,online
other-idiosyncratic,orders
other-idiosyncratic,patent
other-idiosyncratic,personnel
other-idiosyncratic,preclinical
other-idiosyncratic,product
other-idiosyncratic,product development
other-idiosyncratic,product mix
other-idiosyncratic,product performance
other-idiosyncratic,production
other-idiosyncratic,proprietary
other-idiosyncratic,publicity
other-idiosyncratic,redundancy
other-idiosyncratic,reliance on key customer
other-idiosyncratic,reliance on key customers
other-idiosyncratic,reliance on key supplier
other-idiosyncratic,reliance on key suppliers
other-idiosyncratic,reporting controls
other-idiosyncratic,research and development
other-idiosyncratic,restructuring
other-idiosyncratic,restructuring implementation
other-idiosyncratic,sarbanesâ€“oxley
other-idiosyncratic,sars
legal and regulatory,adverse judgment
legal and regulatory,anti-trust
legal and regulatory,casualty
legal and regulatory,charged
legal and regulatory,class action
legal and regulatory,compliance
legal and regulatory,comply
legal and regulatory,conflict of interest
legal and regulatory,conflicts of interest
legal and regulatory,contamination
legal and regulatory,defendant
legal and regulatory,deregulation
legal and regulatory,effects of implementing new standard
legal and regulatory,effects of implementing new standards
legal and regulatory,effects of implementing new method
legal and regulatory,effects of implementing new methods
legal and regulatory,enforceability of judgments
legal and regulatory,enforcement
legal and regulatory,environmental
legal and regulatory,fda approval
legal and regulatory,federal
legal and regulatory,fines
legal and regulatory,fraud
legal and regulatory,government investigation
legal and regulatory,government policy
legal and regulatory,governmental approval
legal and regulatory,hazardous
legal and regulatory,ifrs
legal and regulatory,i.f.r.s.
legal and regulatory,infringe
legal and regulatory,injury
legal and regulatory,inquiries
legal and regulatory,inquiry
legal and regulatory,intellectual property
legal and regulatory,investigation
legal and regulatory,investigations
legal and regulatory,legislation
legal and regulatory,litigation
legal and regulatory,pay damages
legal and regulatory,penalty
legal and regulatory,penalties
legal and regulatory,pending lawsuit
legal and regulatory,pending lawsuits
legal and regulatory,plaintiff
legal and regulatory,possibility of restatement
legal and regulatory,possibility of restatements
legal and regulatory,potential lawsuit
legal and regulatory,potential lawsuits
legal and regulatory,product liability
legal and regulatory,regulation
legal and regulatory,regulations
legal and regulatory,regulatory
legal and regulatory,regulatory approval
legal and regulatory,regulatory change
legal and regulatory,regulatory compliance
legal and regulatory,regulatory environment
legal and regulatory,related party
legal and regulatory,related parties
legal and regulatory,remediation
legal and regulatory,restatement
legal and regulatory,restatements
legal and regulatory,safety
legal and regulatory,superfund
legal and regulatory,uncertainties regarding accounting estimates
other-systematic,economic uncertainties
other-systematic,economy
other-systematic,electricity
other-systematic,exchange rate
other-systematic,exchange rates
other-systematic,energy
other-systematic,eu
other-systematic,e.u.
other-systematic,euro
other-systematic,european union
other-systematic,financial crisis
other-systematic,fiscal policy
other-systematic,foreign currency
other-systematic,foreign exchange
other-systematic,forward
other-systematic,forwards
other-systematic,fuel
other-systematic,future
other-systematic,gas
other-systematic,gasoline
other-systematic,gdp
other-systematic,g.d.p.
other-systematic,gnp
other-systematic,g.n.p.
other-systematic,general business risks
other-systematic,general conditions
other-systematic,general economic conditions
other-systematic,gold
other-systematic,growth rate
other-systematic,growth rates
other-systematic,hedge
other-systematic,hedging
other-systematic,afghanistan
other-systematic,housing
other-systematic,aggregate demand
other-systematic,housing starts
other-systematic,asian crisis
other-systematic,industry condition
other-systematic,industry conditions
other-systematic,business conditions
other-systematic,industry environment
other-systematic,call
other-systematic,inflation
other-systematic,capacity
other-systematic,iraq
other-systematic,coal
other-systematic,market
other-systematic,markets
other-systematic,commodity
other-systematic,commodities
other-systematic,market demand
other-systematic,competition
other-systematic,market supply
other-systematic,competitor
other-systematic,competitors
other-systematic,marketplace
other-systematic,complement
other-systematic,materials
other-systematic,concentration
other-systematic,metal
other-systematic,metals
other-systematic,consumer confidence
other-systematic,middle east
other-systematic,consumer spending
other-systematic,mineral
other-systematic,minerals
other-systematic,consumption
other-systematic,mining
other-systematic,currency collapse
other-systematic,monetary policy
other-systematic,currency fluctuation
other-systematic,currency fluctuations
other-systematic,mortgage
other-systematic,cyclical
other-systematic,natural gas
other-systematic,demand
other-systematic,obsolescence
other-systematic,derivative
other-systematic,derivatives
other-systematic,oil
other-systematic,discounting
other-systematic,operating environment
other-systematic,economic
other-systematic,economics
other-systematic,option
other-systematic,economic condition
other-systematic,economic conditions
other-systematic,ore
other-systematic,economic downturn
other-systematic,economic downturns
other-systematic,overstocked
other-systematic,economic growth
other-systematic,peso
other-systematic,petroleum
other-systematic,political climate
other-systematic,political instability
other-systematic,pound
other-systematic,price pressure
other-systematic,prices
other-systematic,pricing power
other-systematic,raw material
other-systematic,raw materials
other-systematic,real
other-systematic,real estate investment trust
other-systematic,recession
other-systematic,reit
other-systematic,r.e.i.t.
other-systematic,renmenbi
other-systematic,rmb
other-systematic,ruble
other-systematic,rupee
other-systematic,saving
other-systematic,seasonal
other-systematic,september 11
other-systematic,september 11th
other-systematic,short
other-systematic,silver
other-systematic,steel
other-systematic,substitute
other-systematic,substitutes
other-systematic,swap
other-systematic,terrorism
other-systematic,u.s. dollar
other-systematic,underlying
other-systematic,unsalable inventory
other-systematic,war
other-systematic,yen
other-systematic,yuan
tax,uncertain tax position
tax,uncertain tax positions
tax,vat
tax,value added tax
tax,aggressive tax position
tax,aggressive tax positions
tax,back taxes
tax,deferred tax asset
tax,deferred tax assets
tax,deferred tax liability
tax,deferred tax liabilities
tax,excise tax
tax,excise taxes
tax,fin 48
tax,internal revenue service
tax,irs
tax,i.r.s.
tax,irs audit
tax,irs judgment
tax,loss carryback
tax,loss carrybacks
tax,loss carryforward
tax,loss carryforwards
tax,property tax
tax,property taxes
tax,provision for income tax
tax,provision for income taxes
tax,state tax
tax,state taxes
tax,tax
tax,taxes
tax,tax audit
tax,tax authority
tax,tax authorities
tax,tax liability
tax,tax liabilities
tax,tax penalty
tax,tax penalties
tax,taxable
